--==========================================================================================================================
-- CIVILIZATIONS
--==========================================================================================================================
-- Types
-------------------------------------	
INSERT INTO Types	
		(Type,								Kind)
VALUES	('CIVILIZATION_ANT_OIRAT',			'KIND_CIVILIZATION');
-------------------------------------			
-- Civilizations			
-------------------------------------				
-- Types
-------------------------------------	
INSERT INTO Civilizations	
		(CivilizationType,			Name,								Description,								Adjective,								StartingCivilizationLevelType,	RandomCityNameDepth,	Ethnicity)
VALUES	('CIVILIZATION_ANT_OIRAT',	'LOC_CIVILIZATION_ANT_OIRAT_NAME',	'LOC_CIVILIZATION_ANT_OIRAT_DESCRIPTION',	'LOC_CIVILIZATION_ANT_OIRAT_ADJECTIVE',	'CIVILIZATION_LEVEL_FULL_CIV',	10,						'ETHNICITY_ASIAN');	
-------------------------------------			
-- CityNames			
-------------------------------------		
INSERT INTO CityNames	
			(CivilizationType,					CityName)	
VALUES		('CIVILIZATION_ANT_OIRAT',			'LOC_CITY_NAME_ANT_OIRAT_GHULJA'),
			('CIVILIZATION_ANT_OIRAT',			'LOC_CITY_NAME_ANT_OIRAT_ELISTA'),
			('CIVILIZATION_ANT_OIRAT',			'LOC_CITY_NAME_ANT_OIRAT_URUMQI'),
			('CIVILIZATION_ANT_OIRAT',			'LOC_CITY_NAME_ANT_OIRAT_BASHANTA'),
			('CIVILIZATION_ANT_OIRAT',			'LOC_CITY_NAME_ANT_OIRAT_TURPAN'),
			('CIVILIZATION_ANT_OIRAT',			'LOC_CITY_NAME_ANT_OIRAT_LAGAN'),	
			('CIVILIZATION_ANT_OIRAT',			'LOC_CITY_NAME_ANT_OIRAT_TARBAGATAI'),
			('CIVILIZATION_ANT_OIRAT',			'LOC_CITY_NAME_ANT_OIRAT_KASHGAR'),
			('CIVILIZATION_ANT_OIRAT',			'LOC_CITY_NAME_ANT_OIRAT_KUBAKSERAI'),	
			('CIVILIZATION_ANT_OIRAT',			'LOC_CITY_NAME_ANT_OIRAT_KHOVD'),	
			('CIVILIZATION_ANT_OIRAT',			'LOC_CITY_NAME_ANT_OIRAT_MARALBEXI'),	
			('CIVILIZATION_ANT_OIRAT',			'LOC_CITY_NAME_ANT_OIRAT_ALTAI'),	
			('CIVILIZATION_ANT_OIRAT',			'LOC_CITY_NAME_ANT_OIRAT_ULAANGOM'),	
			('CIVILIZATION_ANT_OIRAT',			'LOC_CITY_NAME_ANT_OIRAT_USU'),	
			('CIVILIZATION_ANT_OIRAT',			'LOC_CITY_NAME_ANT_OIRAT_KARAMAY'),	
			('CIVILIZATION_ANT_OIRAT',			'LOC_CITY_NAME_ANT_OIRAT_KARKARALY'),	
			('CIVILIZATION_ANT_OIRAT',			'LOC_CITY_NAME_ANT_OIRAT_AKSU'),	
			('CIVILIZATION_ANT_OIRAT',			'LOC_CITY_NAME_ANT_OIRAT_YARKAND'),	
			('CIVILIZATION_ANT_OIRAT',			'LOC_CITY_NAME_ANT_OIRAT_HOTAN'),	
			('CIVILIZATION_ANT_OIRAT',			'LOC_CITY_NAME_ANT_OIRAT_YENGISAR'),	
			('CIVILIZATION_ANT_OIRAT',			'LOC_CITY_NAME_ANT_OIRAT_KARGILIK'),	
			('CIVILIZATION_ANT_OIRAT',			'LOC_CITY_NAME_ANT_OIRAT_HAMI'),	
			('CIVILIZATION_ANT_OIRAT',			'LOC_CITY_NAME_ANT_OIRAT_UCH_TURPAN'),
			('CIVILIZATION_ANT_OIRAT',			'LOC_CITY_NAME_ANT_OIRAT_HUIYUAN'),	
			('CIVILIZATION_ANT_OIRAT',			'LOC_CITY_NAME_ANT_OIRAT_TARAZ'),	
			('CIVILIZATION_ANT_OIRAT',			'LOC_CITY_NAME_ANT_OIRAT_ALMATY'),	
			('CIVILIZATION_ANT_OIRAT',			'LOC_CITY_NAME_ANT_OIRAT_TASHKENT'),	
			('CIVILIZATION_ANT_OIRAT',			'LOC_CITY_NAME_ANT_OIRAT_SAYRAM'),		
			('CIVILIZATION_ANT_OIRAT',			'LOC_CITY_NAME_ANT_OIRAT_HOXTOLGAY');

-------------------------------------
-- CivilizationCitizenNames
-------------------------------------	
INSERT INTO CivilizationCitizenNames	
		(CivilizationType,					CitizenName,								Female,		Modern)
VALUES	('CIVILIZATION_ANT_OIRAT',			'LOC_CITIZEN_ANT_OIRAT_MALE_1',				0,			0),
		('CIVILIZATION_ANT_OIRAT',			'LOC_CITIZEN_ANT_OIRAT_MALE_2',				0,			0),
		('CIVILIZATION_ANT_OIRAT',			'LOC_CITIZEN_ANT_OIRAT_MALE_3',				0,			0),
		('CIVILIZATION_ANT_OIRAT',			'LOC_CITIZEN_ANT_OIRAT_MALE_4',				0,			0),
		('CIVILIZATION_ANT_OIRAT',			'LOC_CITIZEN_ANT_OIRAT_MALE_5',				0,			0),
		('CIVILIZATION_ANT_OIRAT',			'LOC_CITIZEN_ANT_OIRAT_MALE_6',				0,			0),
		('CIVILIZATION_ANT_OIRAT',			'LOC_CITIZEN_ANT_OIRAT_MALE_7',				0,			0),
		('CIVILIZATION_ANT_OIRAT',			'LOC_CITIZEN_ANT_OIRAT_MALE_8',				0,			0),
		('CIVILIZATION_ANT_OIRAT',			'LOC_CITIZEN_ANT_OIRAT_MALE_9',				0,			0),
		('CIVILIZATION_ANT_OIRAT',			'LOC_CITIZEN_ANT_OIRAT_MALE_10',			0,			0),
		('CIVILIZATION_ANT_OIRAT',			'LOC_CITIZEN_ANT_OIRAT_FEMALE_1',			1,			0),
		('CIVILIZATION_ANT_OIRAT',			'LOC_CITIZEN_ANT_OIRAT_FEMALE_2',			1,			0),
		('CIVILIZATION_ANT_OIRAT',			'LOC_CITIZEN_ANT_OIRAT_FEMALE_3',			1,			0),
		('CIVILIZATION_ANT_OIRAT',			'LOC_CITIZEN_ANT_OIRAT_FEMALE_4',			1,			0),
		('CIVILIZATION_ANT_OIRAT',			'LOC_CITIZEN_ANT_OIRAT_FEMALE_5',			1,			0),
		('CIVILIZATION_ANT_OIRAT',			'LOC_CITIZEN_ANT_OIRAT_FEMALE_6',			1,			0),
		('CIVILIZATION_ANT_OIRAT',			'LOC_CITIZEN_ANT_OIRAT_FEMALE_7',			1,			0),
		('CIVILIZATION_ANT_OIRAT',			'LOC_CITIZEN_ANT_OIRAT_FEMALE_8',			1,			0),
		('CIVILIZATION_ANT_OIRAT',			'LOC_CITIZEN_ANT_OIRAT_FEMALE_9',			1,			0),
		('CIVILIZATION_ANT_OIRAT',			'LOC_CITIZEN_ANT_OIRAT_FEMALE_10',			1,			0),
		('CIVILIZATION_ANT_OIRAT',			'LOC_CITIZEN_ANT_OIRAT_MODERN_MALE_1',		0,			1),
		('CIVILIZATION_ANT_OIRAT',			'LOC_CITIZEN_ANT_OIRAT_MODERN_MALE_2',		0,			1),
		('CIVILIZATION_ANT_OIRAT',			'LOC_CITIZEN_ANT_OIRAT_MODERN_MALE_3',		0,			1),
		('CIVILIZATION_ANT_OIRAT',			'LOC_CITIZEN_ANT_OIRAT_MODERN_MALE_4',		0,			1),
		('CIVILIZATION_ANT_OIRAT',			'LOC_CITIZEN_ANT_OIRAT_MODERN_MALE_5',		0,			1),
		('CIVILIZATION_ANT_OIRAT',			'LOC_CITIZEN_ANT_OIRAT_MODERN_FEMALE_1',	1,			1),
		('CIVILIZATION_ANT_OIRAT',			'LOC_CITIZEN_ANT_OIRAT_MODERN_FEMALE_2',	1,			1),
		('CIVILIZATION_ANT_OIRAT',			'LOC_CITIZEN_ANT_OIRAT_MODERN_FEMALE_3',	1,			1),
		('CIVILIZATION_ANT_OIRAT',			'LOC_CITIZEN_ANT_OIRAT_MODERN_FEMALE_4',	1,			1),
		('CIVILIZATION_ANT_OIRAT',			'LOC_CITIZEN_ANT_OIRAT_MODERN_FEMALE_5',	1,			1);			
-------------------------------------			
-- StartBiasResources		
-------------------------------------
INSERT INTO StartBiasResources
		(CivilizationType,					ResourceType,				Tier)
VALUES	('CIVILIZATION_ANT_OIRAT',			'RESOURCE_HORSES',			3);
-------------------------------------			
-- StartBiasTerrains		
-------------------------------------
INSERT INTO StartBiasTerrains
		(CivilizationType,					TerrainType,				Tier)
VALUES	('CIVILIZATION_ANT_OIRAT',			'TERRAIN_GRASS',			4),
		('CIVILIZATION_ANT_OIRAT',			'TERRAIN_PLAINS',			2);
-------------------------------------			
-- CivilizationInfo			
-------------------------------------		
INSERT INTO CivilizationInfo	
			(CivilizationType,				Header,						Caption,								SortIndex)	
VALUES		('CIVILIZATION_ANT_OIRAT',		'LOC_CIVINFO_LOCATION',		'LOC_CIVINFO_ANT_OIRAT_LOCATION',		10),	
			('CIVILIZATION_ANT_OIRAT',		'LOC_CIVINFO_SIZE',			'LOC_CIVINFO_ANT_OIRAT_SIZE',			20),	
			('CIVILIZATION_ANT_OIRAT',		'LOC_CIVINFO_POPULATION',	'LOC_CIVINFO_ANT_OIRAT_POPULATION',		30),	
			('CIVILIZATION_ANT_OIRAT',		'LOC_CIVINFO_CAPITAL', 		'LOC_CIVINFO_ANT_OIRAT_CAPITAL',		40);
--==========================================================================================================================
-- TRAITS
--==========================================================================================================================
-- Types
-------------------------------------	
INSERT INTO Types	
		(Type,														Kind)
VALUES	('TRAIT_CIVILIZATION_ANT_DORBEN_OIRAD',						'KIND_TRAIT'),
		('TRAIT_CIVILIZATION_UNIT_ANT_OIRAT_ULAN_ZALATA',			'KIND_TRAIT'),
		('TRAIT_CIVILIZATION_IMPROVEMENT_ANT_GER',					'KIND_TRAIT');
-------------------------------------			
-- Traits			
-------------------------------------				
INSERT INTO Traits				
		(TraitType,													Name,															Description)
VALUES	('TRAIT_CIVILIZATION_ANT_DORBEN_OIRAD',						'LOC_TRAIT_CIVILIZATION_ANT_DORBEN_OIRAD_NAME',					'LOC_TRAIT_CIVILIZATION_ANT_DORBEN_OIRAD_DESCRIPTION'),
		('TRAIT_CIVILIZATION_UNIT_ANT_OIRAT_ULAN_ZALATA',			'LOC_UNIT_ANT_OIRAT_ULAN_ZALATA_NAME',							null),
		('TRAIT_CIVILIZATION_IMPROVEMENT_ANT_GER',					'LOC_IMPROVEMENT_ANT_GER_NAME',									null);
-------------------------------------
-- CivilizationTraits
-------------------------------------	
INSERT INTO CivilizationTraits	
		(TraitType,													CivilizationType)
VALUES	('TRAIT_CIVILIZATION_ANT_DORBEN_OIRAD',						'CIVILIZATION_ANT_OIRAT'),
		('TRAIT_CIVILIZATION_UNIT_ANT_OIRAT_ULAN_ZALATA',			'CIVILIZATION_ANT_OIRAT'),
		('TRAIT_CIVILIZATION_IMPROVEMENT_ANT_GER',					'CIVILIZATION_ANT_OIRAT');
-------------------------------------
-- TraitModifiers
-------------------------------------
INSERT INTO TraitModifiers			
		(TraitType,														ModifierId)
VALUES	('TRAIT_CIVILIZATION_ANT_DORBEN_OIRAD', 						'TRAIT_ANT_CREATE_GOLD_FROM_SETTLING'),
		('TRAIT_CIVILIZATION_ANT_DORBEN_OIRAD', 						'TRAIT_ANT_CREATE_GOLD_FROM_SETTLING_CLASSICAL'),
		('TRAIT_CIVILIZATION_ANT_DORBEN_OIRAD', 						'TRAIT_ANT_CREATE_GOLD_FROM_SETTLING_MEDIEVAL'),
		('TRAIT_CIVILIZATION_ANT_DORBEN_OIRAD', 						'TRAIT_ANT_CREATE_GOLD_FROM_SETTLING_RENAISSANCE'),
		('TRAIT_CIVILIZATION_ANT_DORBEN_OIRAD', 						'TRAIT_ANT_CREATE_GOLD_FROM_SETTLING_INDUSTRIAL'),
		('TRAIT_CIVILIZATION_ANT_DORBEN_OIRAD', 						'TRAIT_ANT_CREATE_CULTURE_FROM_SETTLING'),
		('TRAIT_CIVILIZATION_ANT_DORBEN_OIRAD', 						'TRAIT_ANT_CREATE_CULTURE_FROM_SETTLING_CLASSICAL'),
		('TRAIT_CIVILIZATION_ANT_DORBEN_OIRAD', 						'TRAIT_ANT_CREATE_CULTURE_FROM_SETTLING_MEDIEVAL'),
		('TRAIT_CIVILIZATION_ANT_DORBEN_OIRAD', 						'TRAIT_ANT_CREATE_CULTURE_FROM_SETTLING_RENAISSANCE'),
		('TRAIT_CIVILIZATION_ANT_DORBEN_OIRAD', 						'TRAIT_ANT_CREATE_CULTURE_FROM_SETTLING_INDUSTRIAL'),
		('TRAIT_CIVILIZATION_ANT_DORBEN_OIRAD', 						'TRAIT_ANT_CREATE_GOLD_FROM_CONQUEST'),
		('TRAIT_CIVILIZATION_ANT_DORBEN_OIRAD', 						'TRAIT_ANT_CREATE_GOLD_FROM_CONQUEST_CLASSICAL'),
		('TRAIT_CIVILIZATION_ANT_DORBEN_OIRAD', 						'TRAIT_ANT_CREATE_GOLD_FROM_CONQUEST_MEDIEVAL'),
		('TRAIT_CIVILIZATION_ANT_DORBEN_OIRAD', 						'TRAIT_ANT_CREATE_GOLD_FROM_CONQUEST_RENAISSANCE'),
		('TRAIT_CIVILIZATION_ANT_DORBEN_OIRAD', 						'TRAIT_ANT_CREATE_GOLD_FROM_CONQUEST_INDUSTRIAL'),
		('TRAIT_CIVILIZATION_ANT_DORBEN_OIRAD', 						'TRAIT_ANT_CREATE_CULTURE_FROM_CONQUEST'),
		('TRAIT_CIVILIZATION_ANT_DORBEN_OIRAD', 						'TRAIT_ANT_CREATE_CULTURE_FROM_CONQUEST_CLASSICAL'),
		('TRAIT_CIVILIZATION_ANT_DORBEN_OIRAD', 						'TRAIT_ANT_CREATE_CULTURE_FROM_CONQUEST_MEDIEVAL'),
		('TRAIT_CIVILIZATION_ANT_DORBEN_OIRAD', 						'TRAIT_ANT_CREATE_CULTURE_FROM_CONQUEST_RENAISSANCE'),
		('TRAIT_CIVILIZATION_ANT_DORBEN_OIRAD', 						'TRAIT_ANT_CREATE_CULTURE_FROM_CONQUEST_INDUSTRIAL'),
		('TRAIT_CIVILIZATION_ANT_DORBEN_OIRAD', 						'TRAIT_ANT_CITIES_GRANT_NEARBY_CITIES_GOLD'),
		('TRAIT_CIVILIZATION_ANT_DORBEN_OIRAD', 						'TRAIT_ANT_CITIES_GRANT_NEARBY_CITIES_PRODUCTION');
-----------------------------------------------------------------------------------
-- Unlock Ger
-----------------------------------------------------------------------------------
-- TraitModifiers
-------------------------------------
INSERT INTO TraitModifiers			
		(TraitType,														ModifierId)
VALUES	('TRAIT_CIVILIZATION_IMPROVEMENT_ANT_GER', 						'ANT_UNLOCK_IMPROVEMENT_ANT_GER');
-------------------------------------
-- Modifiers
-------------------------------------
INSERT INTO Modifiers	
		(ModifierId,													ModifierType)									
VALUES	('ANT_UNLOCK_IMPROVEMENT_ANT_GER',								'MODIFIER_PLAYER_ADJUST_VALID_IMPROVEMENT');
-------------------------------------
-- ModifierArguments
-------------------------------------
INSERT INTO ModifierArguments
		(ModifierId,										Name,						Value)
VALUES	('ANT_UNLOCK_IMPROVEMENT_ANT_GER',					'ImprovementType',			'IMPROVEMENT_ANT_GER');
--==========================================================================================================================
-- MODIFIERS
--==========================================================================================================================
-- Modifiers
-------------------------------------
INSERT INTO Modifiers			
		(ModifierId,													ModifierType,												SubjectRequirementSetId)
VALUES	('TRAIT_ANT_CREATE_GOLD_FROM_SETTLING',							'MODIFIER_PLAYER_DISTRICT_CREATE_YIELD',					'ANT_ERA_ANCIENT'),
		('TRAIT_ANT_CREATE_GOLD_FROM_SETTLING_CLASSICAL',				'MODIFIER_PLAYER_DISTRICT_CREATE_YIELD',					'ANT_ERA_CLASSICAL'),
		('TRAIT_ANT_CREATE_GOLD_FROM_SETTLING_MEDIEVAL',				'MODIFIER_PLAYER_DISTRICT_CREATE_YIELD',					'ANT_ERA_MEDIEVAL'),
		('TRAIT_ANT_CREATE_GOLD_FROM_SETTLING_RENAISSANCE',				'MODIFIER_PLAYER_DISTRICT_CREATE_YIELD',					'ANT_ERA_RENAISSANCE'),
		('TRAIT_ANT_CREATE_GOLD_FROM_SETTLING_INDUSTRIAL',				'MODIFIER_PLAYER_DISTRICT_CREATE_YIELD',					'ANT_ERA_AT_LEAST_INDUSTRIAL'),

		('TRAIT_ANT_CREATE_CULTURE_FROM_SETTLING',						'MODIFIER_PLAYER_DISTRICT_CREATE_YIELD',					'ANT_ERA_ANCIENT'),
		('TRAIT_ANT_CREATE_CULTURE_FROM_SETTLING_CLASSICAL',			'MODIFIER_PLAYER_DISTRICT_CREATE_YIELD',					'ANT_ERA_CLASSICAL'),
		('TRAIT_ANT_CREATE_CULTURE_FROM_SETTLING_MEDIEVAL',				'MODIFIER_PLAYER_DISTRICT_CREATE_YIELD',					'ANT_ERA_MEDIEVAL'),
		('TRAIT_ANT_CREATE_CULTURE_FROM_SETTLING_RENAISSANCE',			'MODIFIER_PLAYER_DISTRICT_CREATE_YIELD',					'ANT_ERA_RENAISSANCE'),
		('TRAIT_ANT_CREATE_CULTURE_FROM_SETTLING_INDUSTRIAL',			'MODIFIER_PLAYER_DISTRICT_CREATE_YIELD',					'ANT_ERA_AT_LEAST_INDUSTRIAL'),

		('TRAIT_ANT_CREATE_GOLD_FROM_CONQUEST',							'MODIFIER_PLAYER_CAPTURED_CITY_ATTACH_MODIFIER',			null),
		('TRAIT_ANT_CREATE_GOLD_FROM_CONQUEST_MODIFIER',				'MODIFIER_PLAYER_GRANT_YIELD',								'ANT_ERA_ANCIENT'),
		('TRAIT_ANT_CREATE_GOLD_FROM_CONQUEST_CLASSICAL',				'MODIFIER_PLAYER_CAPTURED_CITY_ATTACH_MODIFIER',			null),
		('TRAIT_ANT_CREATE_GOLD_FROM_CONQUEST_CLASSICAL_MODIFIER',		'MODIFIER_PLAYER_GRANT_YIELD',								'ANT_ERA_CLASSICAL'),
		('TRAIT_ANT_CREATE_GOLD_FROM_CONQUEST_MEDIEVAL',				'MODIFIER_PLAYER_CAPTURED_CITY_ATTACH_MODIFIER',			null),
		('TRAIT_ANT_CREATE_GOLD_FROM_CONQUEST_MEDIEVAL_MODIFIER',		'MODIFIER_PLAYER_GRANT_YIELD',								'ANT_ERA_MEDIEVAL'),
		('TRAIT_ANT_CREATE_GOLD_FROM_CONQUEST_RENAISSANCE',				'MODIFIER_PLAYER_CAPTURED_CITY_ATTACH_MODIFIER',			null),
		('TRAIT_ANT_CREATE_GOLD_FROM_CONQUEST_RENAISSANCE_MODIFIER',	'MODIFIER_PLAYER_GRANT_YIELD',								'ANT_ERA_RENAISSANCE'),
		('TRAIT_ANT_CREATE_GOLD_FROM_CONQUEST_INDUSTRIAL',				'MODIFIER_PLAYER_CAPTURED_CITY_ATTACH_MODIFIER',			null),
		('TRAIT_ANT_CREATE_GOLD_FROM_CONQUEST_INDUSTRIAL_MODIFIER',		'MODIFIER_PLAYER_GRANT_YIELD',								'ANT_ERA_AT_LEAST_INDUSTRIAL'),

		('TRAIT_ANT_CREATE_CULTURE_FROM_CONQUEST',						'MODIFIER_PLAYER_CAPTURED_CITY_ATTACH_MODIFIER',			null),
		('TRAIT_ANT_CREATE_CULTURE_FROM_CONQUEST_MODIFIER',				'MODIFIER_PLAYER_GRANT_YIELD',								'ANT_ERA_ANCIENT'),
		('TRAIT_ANT_CREATE_CULTURE_FROM_CONQUEST_CLASSICAL',			'MODIFIER_PLAYER_CAPTURED_CITY_ATTACH_MODIFIER',			null),
		('TRAIT_ANT_CREATE_CULTURE_FROM_CONQUEST_CLASSICAL_MODIFIER',	'MODIFIER_PLAYER_GRANT_YIELD',								'ANT_ERA_CLASSICAL'),
		('TRAIT_ANT_CREATE_CULTURE_FROM_CONQUEST_MEDIEVAL',				'MODIFIER_PLAYER_CAPTURED_CITY_ATTACH_MODIFIER',			null),
		('TRAIT_ANT_CREATE_CULTURE_FROM_CONQUEST_MEDIEVAL_MODIFIER',	'MODIFIER_PLAYER_GRANT_YIELD',								'ANT_ERA_MEDIEVAL'),
		('TRAIT_ANT_CREATE_CULTURE_FROM_CONQUEST_RENAISSANCE',			'MODIFIER_PLAYER_CAPTURED_CITY_ATTACH_MODIFIER',			null),
		('TRAIT_ANT_CREATE_CULTURE_FROM_CONQUEST_RENAISSANCE_MODIFIER',	'MODIFIER_PLAYER_GRANT_YIELD',								'ANT_ERA_RENAISSANCE'),
		('TRAIT_ANT_CREATE_CULTURE_FROM_CONQUEST_INDUSTRIAL',			'MODIFIER_PLAYER_CAPTURED_CITY_ATTACH_MODIFIER',			null),
		('TRAIT_ANT_CREATE_CULTURE_FROM_CONQUEST_INDUSTRIAL_MODIFIER',	'MODIFIER_PLAYER_GRANT_YIELD',								'ANT_ERA_AT_LEAST_INDUSTRIAL'),

		('TRAIT_ANT_CITIES_GRANT_NEARBY_CITIES_GOLD',					'MODIFIER_PLAYER_CITIES_ATTACH_MODIFIER',					null),
		('TRAIT_ANT_CITIES_GRANT_NEARBY_CITIES_GOLD_MODIFIER',			'MODIFIER_PLAYER_CITIES_ADJUST_CITY_YIELD_CHANGE',			'ANT_CITY_WITHIN_6_TILES'),
		('TRAIT_ANT_CITIES_GRANT_NEARBY_CITIES_PRODUCTION',				'MODIFIER_PLAYER_CITIES_ATTACH_MODIFIER',					null),
		('TRAIT_ANT_CITIES_GRANT_NEARBY_CITIES_PRODUCTION_MODIFIER',	'MODIFIER_PLAYER_CITIES_ADJUST_CITY_YIELD_CHANGE',			'ANT_CITY_WITHIN_6_TILES');
-------------------------------------
-- ModifierArguments
-------------------------------------
INSERT INTO ModifierArguments
		(ModifierId,													Name,							Value)
VALUES	('TRAIT_ANT_CREATE_GOLD_FROM_SETTLING',							'DistrictType',					'DISTRICT_CITY_CENTER'),
		('TRAIT_ANT_CREATE_GOLD_FROM_SETTLING',							'YieldType',					'YIELD_GOLD'),
		('TRAIT_ANT_CREATE_GOLD_FROM_SETTLING',							'Amount',						75),
		('TRAIT_ANT_CREATE_GOLD_FROM_SETTLING_CLASSICAL',				'DistrictType',					'DISTRICT_CITY_CENTER'),
		('TRAIT_ANT_CREATE_GOLD_FROM_SETTLING_CLASSICAL',				'YieldType',					'YIELD_GOLD'),
		('TRAIT_ANT_CREATE_GOLD_FROM_SETTLING_CLASSICAL',				'Amount',						120),
		('TRAIT_ANT_CREATE_GOLD_FROM_SETTLING_MEDIEVAL',				'DistrictType',					'DISTRICT_CITY_CENTER'),
		('TRAIT_ANT_CREATE_GOLD_FROM_SETTLING_MEDIEVAL',				'YieldType',					'YIELD_GOLD'),
		('TRAIT_ANT_CREATE_GOLD_FROM_SETTLING_MEDIEVAL',				'Amount',						180),
		('TRAIT_ANT_CREATE_GOLD_FROM_SETTLING_RENAISSANCE',				'DistrictType',					'DISTRICT_CITY_CENTER'),
		('TRAIT_ANT_CREATE_GOLD_FROM_SETTLING_RENAISSANCE',				'YieldType',					'YIELD_GOLD'),
		('TRAIT_ANT_CREATE_GOLD_FROM_SETTLING_RENAISSANCE',				'Amount',						250),
		('TRAIT_ANT_CREATE_GOLD_FROM_SETTLING_INDUSTRIAL',				'DistrictType',					'DISTRICT_CITY_CENTER'),
		('TRAIT_ANT_CREATE_GOLD_FROM_SETTLING_INDUSTRIAL',				'YieldType',					'YIELD_GOLD'),
		('TRAIT_ANT_CREATE_GOLD_FROM_SETTLING_INDUSTRIAL',				'Amount',						350),

		('TRAIT_ANT_CREATE_CULTURE_FROM_SETTLING',						'DistrictType',					'DISTRICT_CITY_CENTER'),
		('TRAIT_ANT_CREATE_CULTURE_FROM_SETTLING',						'YieldType',					'YIELD_CULTURE'),
		('TRAIT_ANT_CREATE_CULTURE_FROM_SETTLING',						'Amount',						10),
		('TRAIT_ANT_CREATE_CULTURE_FROM_SETTLING_CLASSICAL',			'DistrictType',					'DISTRICT_CITY_CENTER'),
		('TRAIT_ANT_CREATE_CULTURE_FROM_SETTLING_CLASSICAL',			'YieldType',					'YIELD_CULTURE'),
		('TRAIT_ANT_CREATE_CULTURE_FROM_SETTLING_CLASSICAL',			'Amount',						25),
		('TRAIT_ANT_CREATE_CULTURE_FROM_SETTLING_MEDIEVAL',				'DistrictType',					'DISTRICT_CITY_CENTER'),
		('TRAIT_ANT_CREATE_CULTURE_FROM_SETTLING_MEDIEVAL',				'YieldType',					'YIELD_CULTURE'),
		('TRAIT_ANT_CREATE_CULTURE_FROM_SETTLING_MEDIEVAL',				'Amount',						50),
		('TRAIT_ANT_CREATE_CULTURE_FROM_SETTLING_RENAISSANCE',			'DistrictType',					'DISTRICT_CITY_CENTER'),
		('TRAIT_ANT_CREATE_CULTURE_FROM_SETTLING_RENAISSANCE',			'YieldType',					'YIELD_CULTURE'),
		('TRAIT_ANT_CREATE_CULTURE_FROM_SETTLING_RENAISSANCE',			'Amount',						80),
		('TRAIT_ANT_CREATE_CULTURE_FROM_SETTLING_INDUSTRIAL',			'DistrictType',					'DISTRICT_CITY_CENTER'),
		('TRAIT_ANT_CREATE_CULTURE_FROM_SETTLING_INDUSTRIAL',			'YieldType',					'YIELD_CULTURE'),
		('TRAIT_ANT_CREATE_CULTURE_FROM_SETTLING_INDUSTRIAL',			'Amount',						125),

		('TRAIT_ANT_CREATE_GOLD_FROM_CONQUEST',							'ModifierId',					'TRAIT_ANT_CREATE_GOLD_FROM_CONQUEST_MODIFIER'),
		('TRAIT_ANT_CREATE_GOLD_FROM_CONQUEST_MODIFIER',				'YieldType',					'YIELD_GOLD'),
		('TRAIT_ANT_CREATE_GOLD_FROM_CONQUEST_MODIFIER',				'Amount',						38),
		('TRAIT_ANT_CREATE_GOLD_FROM_CONQUEST_CLASSICAL',				'ModifierId',					'TRAIT_ANT_CREATE_GOLD_FROM_CONQUEST_CLASSICAL_MODIFIER'),
		('TRAIT_ANT_CREATE_GOLD_FROM_CONQUEST_CLASSICAL_MODIFIER',		'YieldType',					'YIELD_GOLD'),
		('TRAIT_ANT_CREATE_GOLD_FROM_CONQUEST_CLASSICAL_MODIFIER',		'Amount',						60),
		('TRAIT_ANT_CREATE_GOLD_FROM_CONQUEST_MEDIEVAL',				'ModifierId',					'TRAIT_ANT_CREATE_GOLD_FROM_CONQUEST_MEDIEVAL_MODIFIER'),
		('TRAIT_ANT_CREATE_GOLD_FROM_CONQUEST_MEDIEVAL_MODIFIER',		'YieldType',					'YIELD_GOLD'),
		('TRAIT_ANT_CREATE_GOLD_FROM_CONQUEST_MEDIEVAL_MODIFIER',		'Amount',						90),
		('TRAIT_ANT_CREATE_GOLD_FROM_CONQUEST_RENAISSANCE',				'ModifierId',					'TRAIT_ANT_CREATE_GOLD_FROM_CONQUEST_RENAISSANCE_MODIFIER'),
		('TRAIT_ANT_CREATE_GOLD_FROM_CONQUEST_RENAISSANCE_MODIFIER',	'YieldType',					'YIELD_GOLD'),
		('TRAIT_ANT_CREATE_GOLD_FROM_CONQUEST_RENAISSANCE_MODIFIER',	'Amount',						125),
		('TRAIT_ANT_CREATE_GOLD_FROM_CONQUEST_INDUSTRIAL',				'ModifierId',					'TRAIT_ANT_CREATE_GOLD_FROM_CONQUEST_INDUSTRIAL_MODIFIER'),
		('TRAIT_ANT_CREATE_GOLD_FROM_CONQUEST_INDUSTRIAL_MODIFIER',		'YieldType',					'YIELD_GOLD'),
		('TRAIT_ANT_CREATE_GOLD_FROM_CONQUEST_INDUSTRIAL_MODIFIER',		'Amount',						175),
		
		('TRAIT_ANT_CREATE_CULTURE_FROM_CONQUEST',						'ModifierId',					'TRAIT_ANT_CREATE_CULTURE_FROM_CONQUEST_MODIFIER'),
		('TRAIT_ANT_CREATE_CULTURE_FROM_CONQUEST_MODIFIER',				'YieldType',					'YIELD_CULTURE'),
		('TRAIT_ANT_CREATE_CULTURE_FROM_CONQUEST_MODIFIER',				'Amount',						5),
		('TRAIT_ANT_CREATE_CULTURE_FROM_CONQUEST_CLASSICAL',			'ModifierId',					'TRAIT_ANT_CREATE_CULTURE_FROM_CONQUEST_CLASSICAL_MODIFIER'),
		('TRAIT_ANT_CREATE_CULTURE_FROM_CONQUEST_CLASSICAL_MODIFIER',	'YieldType',					'YIELD_CULTURE'),
		('TRAIT_ANT_CREATE_CULTURE_FROM_CONQUEST_CLASSICAL_MODIFIER',	'Amount',						13),
		('TRAIT_ANT_CREATE_CULTURE_FROM_CONQUEST_MEDIEVAL',				'ModifierId',					'TRAIT_ANT_CREATE_CULTURE_FROM_CONQUEST_MEDIEVAL_MODIFIER'),
		('TRAIT_ANT_CREATE_CULTURE_FROM_CONQUEST_MEDIEVAL_MODIFIER',	'YieldType',					'YIELD_CULTURE'),
		('TRAIT_ANT_CREATE_CULTURE_FROM_CONQUEST_MEDIEVAL_MODIFIER',	'Amount',						25),
		('TRAIT_ANT_CREATE_CULTURE_FROM_CONQUEST_RENAISSANCE',			'ModifierId',					'TRAIT_ANT_CREATE_CULTURE_FROM_CONQUEST_RENAISSANCE_MODIFIER'),
		('TRAIT_ANT_CREATE_CULTURE_FROM_CONQUEST_RENAISSANCE_MODIFIER',	'YieldType',					'YIELD_CULTURE'),
		('TRAIT_ANT_CREATE_CULTURE_FROM_CONQUEST_RENAISSANCE_MODIFIER',	'Amount',						40),
		('TRAIT_ANT_CREATE_CULTURE_FROM_CONQUEST_INDUSTRIAL',			'ModifierId',					'TRAIT_ANT_CREATE_CULTURE_FROM_CONQUEST_INDUSTRIAL_MODIFIER'),
		('TRAIT_ANT_CREATE_CULTURE_FROM_CONQUEST_INDUSTRIAL_MODIFIER',	'YieldType',					'YIELD_CULTURE'),
		('TRAIT_ANT_CREATE_CULTURE_FROM_CONQUEST_INDUSTRIAL_MODIFIER',	'Amount',						62),
		
		('TRAIT_ANT_CITIES_GRANT_NEARBY_CITIES_GOLD',					'ModifierId',					'TRAIT_ANT_CITIES_GRANT_NEARBY_CITIES_GOLD_MODIFIER'),
		('TRAIT_ANT_CITIES_GRANT_NEARBY_CITIES_GOLD_MODIFIER',			'YieldType',					'YIELD_GOLD'),
		('TRAIT_ANT_CITIES_GRANT_NEARBY_CITIES_GOLD_MODIFIER',			'Amount',						1),

		('TRAIT_ANT_CITIES_GRANT_NEARBY_CITIES_PRODUCTION',				'ModifierId',					'TRAIT_ANT_CITIES_GRANT_NEARBY_CITIES_PRODUCTION_MODIFIER'),
		('TRAIT_ANT_CITIES_GRANT_NEARBY_CITIES_PRODUCTION_MODIFIER',	'YieldType',					'YIELD_PRODUCTION'),
		('TRAIT_ANT_CITIES_GRANT_NEARBY_CITIES_PRODUCTION_MODIFIER',	'Amount',						1);
-------------------------------------
-- Types
-------------------------------------
-------------------------------------
-- DynamicModifiers
-------------------------------------
-------------------------------------
-- ModifierStrings
-------------------------------------	
--==========================================================================================================================
-- Requirements
--==========================================================================================================================
-- RequirementSets
-------------------------------------
INSERT INTO RequirementSets
		(RequirementSetId,												RequirementSetType)
VALUES	('ANT_ERA_ANCIENT',												'REQUIREMENTSET_TEST_ALL'),
		('ANT_ERA_CLASSICAL',											'REQUIREMENTSET_TEST_ALL'),
		('ANT_ERA_MEDIEVAL',											'REQUIREMENTSET_TEST_ALL'),
		('ANT_ERA_RENAISSANCE',											'REQUIREMENTSET_TEST_ALL'),
		('ANT_ERA_AT_LEAST_INDUSTRIAL',									'REQUIREMENTSET_TEST_ALL'),
		('ANT_OIRAT_CITY_CENTER',										'REQUIREMENTSET_TEST_ALL'),
		('ANT_CITY_WITHIN_6_TILES',										'REQUIREMENTSET_TEST_ALL');
-------------------------------------
-- RequirementSetRequirements
-------------------------------------
INSERT INTO RequirementSetRequirements
		(RequirementSetId,												RequirementId)
VALUES	('ANT_ERA_ANCIENT',												'REQUIRES_ANT_ERA_BEFORE_CLASSICAL'),
		('ANT_ERA_CLASSICAL',											'REQUIRES_ANT_ERA_AT_LEAST_CLASSICAL'),
		('ANT_ERA_CLASSICAL',											'REQUIRES_ANT_ERA_BEFORE_MEDIEVAL'),
		('ANT_ERA_MEDIEVAL',											'REQUIRES_ANT_ERA_AT_LEAST_MEDIEVAL'),
		('ANT_ERA_MEDIEVAL',											'REQUIRES_ANT_ERA_BEFORE_RENAISSANCE'),
		('ANT_ERA_RENAISSANCE',											'REQUIRES_ANT_ERA_AT_LEAST_RENAISSANCE'),
		('ANT_ERA_RENAISSANCE',											'REQUIRES_ANT_ERA_BEFORE_INDUSTRIAL'),
		('ANT_ERA_AT_LEAST_INDUSTRIAL',									'REQUIRES_ANT_ERA_AT_LEAST_INDUSTRIAL'),
		('ANT_OIRAT_CITY_CENTER',										'REQUIRES_ANT_OIRAT_CITY_CENTER'),
		('ANT_CITY_WITHIN_6_TILES',										'REQUIRES_ANT_CITY_WITHIN_6_TILES');
-------------------------------------
-- Requirements
-------------------------------------
INSERT INTO Requirements
		(RequirementId, 												RequirementType,						Inverse)
VALUES	('REQUIRES_ANT_ERA_AT_LEAST_CLASSICAL',							'REQUIREMENT_PLAYER_ERA_AT_LEAST',		0),
		('REQUIRES_ANT_ERA_AT_LEAST_MEDIEVAL',							'REQUIREMENT_PLAYER_ERA_AT_LEAST',		0),
		('REQUIRES_ANT_ERA_AT_LEAST_RENAISSANCE',						'REQUIREMENT_PLAYER_ERA_AT_LEAST',		0),
		('REQUIRES_ANT_ERA_AT_LEAST_INDUSTRIAL',						'REQUIREMENT_PLAYER_ERA_AT_LEAST',		0),
		('REQUIRES_ANT_ERA_BEFORE_CLASSICAL',							'REQUIREMENT_PLAYER_ERA_AT_LEAST',		1),
		('REQUIRES_ANT_ERA_BEFORE_MEDIEVAL',							'REQUIREMENT_PLAYER_ERA_AT_LEAST',		1),
		('REQUIRES_ANT_ERA_BEFORE_RENAISSANCE',							'REQUIREMENT_PLAYER_ERA_AT_LEAST',		1),
		('REQUIRES_ANT_ERA_BEFORE_INDUSTRIAL',							'REQUIREMENT_PLAYER_ERA_AT_LEAST',		1),
		('REQUIRES_ANT_OIRAT_CITY_CENTER',								'REQUIREMENT_DISTRICT_TYPE_MATCHES',	0),
		('REQUIRES_ANT_CITY_WITHIN_6_TILES',							'REQUIREMENT_PLOT_ADJACENT_TO_OWNER',	0);
-------------------------------------
-- RequirementArguments
-------------------------------------
INSERT INTO RequirementArguments
		(RequirementId, 												Name,					Value)
VALUES	('REQUIRES_ANT_ERA_AT_LEAST_CLASSICAL',							'EraType',				'ERA_CLASSICAL'),
		('REQUIRES_ANT_ERA_AT_LEAST_MEDIEVAL',							'EraType',				'ERA_MEDIEVAL'),
		('REQUIRES_ANT_ERA_AT_LEAST_RENAISSANCE',						'EraType',				'ERA_RENAISSANCE'),
		('REQUIRES_ANT_ERA_AT_LEAST_INDUSTRIAL',						'EraType',				'ERA_INDUSTRIAL'),
		('REQUIRES_ANT_ERA_BEFORE_CLASSICAL',							'EraType',				'ERA_CLASSICAL'),
		('REQUIRES_ANT_ERA_BEFORE_MEDIEVAL',							'EraType',				'ERA_MEDIEVAL'),
		('REQUIRES_ANT_ERA_BEFORE_RENAISSANCE',							'EraType',				'ERA_RENAISSANCE'),
		('REQUIRES_ANT_ERA_BEFORE_INDUSTRIAL',							'EraType',				'ERA_INDUSTRIAL'),
		('REQUIRES_ANT_OIRAT_CITY_CENTER',								'DistrictType',			'DISTRICT_CITY_CENTER'),
		('REQUIRES_ANT_CITY_WITHIN_6_TILES',							'MinDistance',			1),
		('REQUIRES_ANT_CITY_WITHIN_6_TILES',							'MaxDistance',			6);
--==========================================================================================================================
--==========================================================================================================================